-- Insertion des données dans la table PILOTE
INSERT INTO PILOTE (NUMPIL, NOMPIL, ADR, SAL) VALUES (1, 'Dupont', 'Paris', 3000);
INSERT INTO PILOTE (NUMPIL, NOMPIL, ADR, SAL) VALUES (2, 'Durand', 'Nice', 2800);
INSERT INTO PILOTE (NUMPIL, NOMPIL, ADR, SAL) VALUES (3, 'Martin', 'Marseille', 3200);
INSERT INTO PILOTE (NUMPIL, NOMPIL, ADR, SAL) VALUES (4, 'Dubois', 'Lyon', 2900);
INSERT INTO PILOTE (NUMPIL, NOMPIL, ADR, SAL) VALUES (5, 'Durand', 'Paris', 3000);


-- Insertion des données dans la table AVION
INSERT INTO AVION (NUMAV, NOMAV, CAPACITE, LOC) VALUES (100, 'Airbus A320', 180, 'Nice');
INSERT INTO AVION (NUMAV, NOMAV, CAPACITE, LOC) VALUES (101, 'Boeing 737', 200, 'Paris');
INSERT INTO AVION (NUMAV, NOMAV, CAPACITE, LOC) VALUES (102, 'Airbus A380', 550, 'Paris');
INSERT INTO AVION (NUMAV, NOMAV, CAPACITE, LOC) VALUES (103, 'Boeing 747', 500, 'Lyon');

-- Insertion des données dans la table VOL
INSERT INTO VOL (NUMVOL, NUMPIL, NUMAV, VILLE_DEP, VILLE_ARR, H_DEP, H_ARR) VALUES (1, 1, 100, 'Paris', 'Nice', 8, 10);
INSERT INTO VOL (NUMVOL, NUMPIL, NUMAV, VILLE_DEP, VILLE_ARR, H_DEP, H_ARR) VALUES (2, 2, 102, 'Nice', 'Paris', 11, 13);
INSERT INTO VOL (NUMVOL, NUMPIL, NUMAV, VILLE_DEP, VILLE_ARR, H_DEP, H_ARR) VALUES (3, 3, 103, 'Marseille', 'Lyon', 14, 15);
INSERT INTO VOL (NUMVOL, NUMPIL, NUMAV, VILLE_DEP, VILLE_ARR, H_DEP, H_ARR) VALUES (4, 4, 101, 'Lyon', 'Paris', 16, 18);
INSERT INTO VOL (NUMVOL, NUMPIL, NUMAV, VILLE_DEP, VILLE_ARR, H_DEP, H_ARR) VALUES (5, 1, 102, 'Nice', 'Paris', 16, 18);

